use projet_bd;

-- =========================
-- INSERTS : tables sans FK (Produit, Service, Client, Abonnement, Artiste, ElémentNotable)
-- =========================

/* PRODUIT : 50 lignes */
INSERT INTO `Produit` (RefProduit, NomProduit, Catégorie, PrixProduit, Date_lancement) VALUES
(1,'AuroraBook Pro','Ordinateur',1499.00,'2023-09-10'),
(2,'AuroraPhone X','Smartphone',999.00,'2024-03-15'),
(3,'AuroraPad 11','Tablette',699.00,'2022-11-05'),
(4,'AuroraWatch 5','Montre',399.00,'2021-10-01'),
(5,'AuroraEarbuds','Écouteurs',199.00,'2023-06-20'),
(6,'AuroraKeyboard','Clavier',129.00,'2020-02-12'),
(7,'AuroraMouse','Souris',79.00,'2020-02-12'),
(8,'AuroraCharger 30W','Chargeur',49.00,'2021-08-01'),
(9,'AuroraCase iPhone','Coque',39.00,'2022-05-10'),
(10,'AuroraPen','Stylet',89.00,'2024-01-25'),
(11,'AuroraMonitor 27','Écran',349.00,'2022-09-30'),
(12,'AuroraDock','Station',149.00,'2021-12-15'),
(13,'AuroraSSD 1TB','Stockage',129.00,'2020-07-20'),
(14,'AuroraAdapter USB-C','Accessoire',29.00,'2019-11-11'),
(15,'AuroraCam','Caméra',199.00,'2023-04-09'),
(16,'AuroraHub 4-Port','Hub',59.00,'2020-06-06'),
(17,'AuroraLaptop Sleeve','Housse',29.00,'2019-09-01'),
(18,'AuroraGaming Pad','Tapis',24.00,'2020-03-22'),
(19,'AuroraPro Dock','Dock Pro',199.00,'2023-11-01'),
(20,'AuroraStudio Mic','Microphone',149.00,'2022-02-18'),
(21,'AuroraVR Headset','VR',499.00,'2024-06-12'),
(22,'AuroraSmartTV 55','TV',899.00,'2021-05-05'),
(23,'AuroraSoundbar','Soundbar',249.00,'2022-10-10'),
(24,'AuroraRemote','Télécommande',39.00,'2019-07-07'),
(25,'AuroraUSB-C Cable','Câble',9.90,'2018-01-15'),
(26,'AuroraLens','Objectif',299.00,'2023-07-07'),
(27,'AuroraTripod','Trépied',79.00,'2021-01-20'),
(28,'AuroraPowerBank','Batterie',59.00,'2022-08-08'),
(29,'AuroraLight Panel','Éclairage',99.00,'2020-10-10'),
(30,'AuroraStudio Headphones','Casque',199.00,'2021-04-04'),
(31,'AuroraPro GPU','Carte Graphique',699.00,'2024-02-02'),
(32,'AuroraEthernet Adapter','Adaptateur',19.00,'2019-03-03'),
(33,'AuroraDock Mini','Dock Mini',89.00,'2022-07-07'),
(34,'AuroraSmartKey','Clé NFC',29.00,'2020-09-09'),
(35,'AuroraCleaner Kit','Kit nettoyage',19.00,'2018-05-05'),
(36,'AuroraFloor Stand','Support Sol',149.00,'2021-09-09'),
(37,'AuroraLaptop Pro 14','Ordinateur',1799.00,'2024-05-05'),
(38,'AuroraPhone SE','Smartphone',449.00,'2022-03-03'),
(39,'AuroraTablet Mini','Tablette',349.00,'2020-11-11'),
(40,'AuroraStudio Camera','Caméra Pro',999.00,'2023-02-02'),
(41,'AuroraClip Mic','Micro cravate',59.00,'2021-06-06'),
(42,'AuroraCooling Pad','Refroidisseur',49.00,'2019-10-10'),
(43,'AuroraSSD 2TB','Stockage',229.00,'2021-12-12'),
(44,'AuroraLens Pro','Objectif Pro',599.00,'2024-04-04'),
(45,'AuroraGimbal','Stabilisateur',249.00,'2022-12-12'),
(46,'AuroraDesk Lamp','Lampe',39.00,'2019-02-02'),
(47,'AuroraStylus Pro','Stylet Pro',129.00,'2023-03-03'),
(48,'AuroraPortable Monitor','Moniteur Portable',279.00,'2020-08-08'),
(49,'AuroraSmartTag','Tracker',29.00,'2021-11-11'),
(50,'AuroraHome Kit','Kit Domotique',329.00,'2022-06-06');

-- SERVICES : 15 lignes (RefService S1..S15)
INSERT INTO `Service` (RefService, NomService, Tarif_mensuel, Date_disponibilité) VALUES
('S1','AuroraMusic','9.99','2019-09-01'),
('S2','AuroraTV','12.99','2020-01-10'),
('S3','AuroraArcade','4.99','2021-05-05'),
('S4','AuroraCloud Storage','2.99','2018-06-06'),
('S5','AuroraStudio','14.99','2022-03-03'),
('S6','AuroraPodcasts','3.99','2019-11-11'),
('S7','AuroraDocs','1.99','2018-12-12'),
('S8','AuroraKids','6.99','2020-10-10'),
('S9','AuroraSports','7.99','2021-08-08'),
('S10','AuroraNews+','5.99','2022-09-09'),
('S11','AuroraPremium','19.99','2023-01-01'),
('S12','AuroraEducation','8.99','2021-02-02'),
('S13','AuroraVR Experience','11.99','2024-02-01'),
('S14','AuroraFilmShop','6.49','2020-07-07'),
('S15','AuroraLive','9.49','2023-06-06');

-- CLIENT : 60 lignes (IDs 1..60) - noms mixtes et variés
INSERT INTO `Client` (IDClient, AdresseClient, NomClient, `PrénomClient`, EmailClient, TelClient) VALUES
(1,'12 rue des Fleurs, Paris','Martin','Lucas','lucas.martin@yahoo.fr','0612345678'),
(2,'45 avenue de la République, Lyon','Nguyen','Linh','linh.nguyen@yahoo.fr','0678123456'),
(3,'8 boulevard Saint-Michel, Paris','Dupont','Sophie','sophie.dupont@yahoo.fr','0654321987'),
(4,'2 King St, London','Smith','Oliver','oliver.smith@gmail.com','0477009001'),
(5,'23 Via Roma, Roma','Rossi','Giulia','giulia.rossi@gmail.com','0906123456'),
(6,'101 Hauptstrasse, Berlin','Müller','Hans','hans.mueller@proton.me','0915123456'),
(7,'55 Calle Mayor, Madrid','García','María','maria.garcia@proton.me','0461234567'),
(8,'9 Rua Augusta, Lisboa','Silva','João','joao.silva@proton.me','0519123456'),
(9,'17 St Andrews, Edinburgh','Campbell','Isla','isla.campbell@gmail.com','0477001234'),
(10,'78 Queen St, Auckland','Ngata','Aroha','aroha.ngata@proton.me','0491234567'),
(11,'4 Rue des Écoles, Nice','Bernard','Chloé','chloe.bernard@yahoo.fr','0611223344'),
(12,'33 Rue Pasteur, Lille','Khan','Aisha','aisha.khan@yahoo.fr','0677991122'),
(13,'120 Avenue du Général, Marseille','Liu','Wei','wei.liu@yahoo.fr','0677889900'),
(14,'7 Rue du Port, Bordeaux','Moreau','Thomas','thomas.moreau@yahoo.fr','0655998877'),
(15,'44 Rue Victor Hugo, Nantes','Kim','Minji','minji.kim@yahoo.fr','0677112233'),
(16,'2 Jalan Merdeka, Jakarta','Santoso','Budi','budi.santoso@gmail.com','0281234567'),
(17,'66 Broadway, New York','Johnson','Emma','emma.johnson@gmail.com','0212555123'),
(18,'90 Market St, San Francisco','Garcia','Luis','luis.garcia@gmail.com','0415555012'),
(19,'11 King St, Sydney','Brown','Ava','ava.brown@proton.me','0129123456'),
(20,'3 Jalan Bukit, Kuala Lumpur','Tan','Wei Ling','wei.ling.tan@proton.me','0012345678'),
(21,'21 Rua das Flores, Porto','Fernandes','Inês','ines.fernandes@proton.me','0519121112'),
(22,'14 Rue Royale, Brussels','Peeters','Lucas','lucas.peeters@yahoo.fr','0247512345'),
(23,'88 Rue du Marché, Geneva','Bianchi','Luca','luca.bianchi@gmail.com','0122123456'),
(24,'5 Rue Lafayette, Paris','Dubois','Emma','emma.dubois@yahoo.fr','0612349900'),
(25,'9 Elm St, Dublin','O\'Connor','Sean','sean.oconnor@proton.me','0538512345'),
(26,'77 Rue de Lyon, Grenoble','Silva','Ana','ana.silva@yahoo.fr','0677554433'),
(27,'101 Av. Paulista, São Paulo','Souza','Marcos','marcos.souza@yahoo.fr','0511987654'),
(28,'66 King Abdulaziz Rd, Riyadh','Al-Faisal','Noor','noor.alfaisal@proton.me','0665123456'),
(29,'42 Rue de la République, Strasbourg','Petit','Léa','lea.petit@yahoo.fr','0611227788'),
(30,'19 Rua Central, Porto Alegre','Almeida','Carlos','carlos.almeida@gmail.com','0511198765'),
(31,'2 Rue des Tilleuls, Rennes','Hernandez','Sofia','sofia.hernandez@yahoo.fr','0677001122'),
(32,'10 Rue de la Gare, Metz','Ivanov','Anastasia','anastasia.ivanov@yahoo.fr','0361122334'),
(33,'27 Rue du Parc, Toulouse','Osei','Kwame','kwame.osei@yahoo.fr','0677883344'),
(34,'6 Rue des Acacias, Montpellier','Ng','Mei','mei.ng@yahoo.fr','0677445566'),
(35,'50 Rue du Lac, Annecy','Singh','Raj','raj.singh@yahoo.fr','0677332211'),
(36,'11 Rue de la Paix, Le Havre','Petrov','Olga','olga.petrov@yahoo.fr','0677665544'),
(37,'3 Rue des Oliviers, Cannes','Lopez','Diego','diego.lopez@yahoo.fr','0677002211'),
(38,'18 Rue du Centre, Perpignan','Sato','Yuki','yuki.sato@yahoo.fr','0677993344'),
(39,'29 Rue du Théâtre, Reims','Dawson','Maya','maya.dawson@yahoo.fr','0677119988'),
(40,'21 Rue des Arts, Clermont','Nguyen','An','an.nguyen@yahoo.fr','0677441122'),
(41,'14 Av. des Champs, Paris','Morel','Paul','paul.morel@yahoo.fr','0611002233'),
(42,'8 Rue du Marché, Le Mans','Alvarez','Lucia','lucia.alvarez@yahoo.fr','0677223344'),
(43,'56 Rue Victor, Caen','Kowalski','Piotr','piotr.kowalski@yahoo.fr','0677334455'),
(44,'9 Rue Saint-Pierre, Tours','Martinez','Isabel','isabel.martinez@yahoo.fr','0677442233'),
(45,'31 Rue du Château, Rouen','Johnson','Michael','michael.johnson@gmail.com','0212333445'),
(46,'77 Rue des Arts, Lille','Ahmed','Fatima','fatima.ahmed@yahoo.fr','0677778888'),
(47,'5 Rue des Roses, Dijon','Nguyen','Mai','mai.nguyen@yahoo.fr','0677113344'),
(48,'2 Rue de l\'École, Caen','Santos','Pedro','pedro.santos@yahoo.fr','0677224455'),
(49,'13 Rue des Champs, Nîmes','Kaur','Simran','simran.kaur@yahoo.fr','0677335566'),
(50,'37 Rue du Port, Le Havre','Gonzalez','Marco','marco.gonzalez@yahoo.fr','0677446677'),
(51,'18 Rue des Plantes, Orléans','Bernstein','Hannah','hannah.bernstein@yahoo.fr','0677557788'),
(52,'40 Rue du Vent, Amiens','Pham','Minh','minh.pham@yahoo.fr','0677668899'),
(53,'6 Rue des Lilas, Perpignan','Khan','Omar','omar.khan@yahoo.fr','0677889901'),
(54,'82 Rue du Lac, Angers','Mendes','Rita','rita.mendes@yahoo.fr','0677990011'),
(55,'2 Rue du Port, Boulogne','Zhang','Lei','lei.zhang@yahoo.fr','0677003344'),
(56,'19 Rue Pasteur, Clermont','O\'Neill','Nora','nora.oneill@gmail.com','0538712345'),
(57,'22 Rue de la Gare, Saint-Étienne','Yamada','Hiro','hiro.yamada@yahoo.fr','0677114455'),
(58,'11 Rue du Commerce, Nancy','Ivanova','Elena','elena.ivanova@yahoo.fr','0677225566'),
(59,'7 Rue des Fleurs, Lorient','Duarte','Rui','rui.duarte@gmail.com','0519122223'),
(60,'30 Rue des Sources, Valence','Nguyen','Thao','thao.nguyen@proton.me','0677331122');


-- ABONNEMENT : 40 lignes (IDAbonnement 1..40)
INSERT INTO `Abonnement` (IDAbonnement, PrixAbonnement) VALUES
(1,9.99),
(2,12.99),
(3,4.99),
(4,2.99),
(5,14.99),
(6,3.99),
(7,1.99),
(8,6.99),
(9,7.99),
(10,5.99),
(11,19.99),
(12,8.99),
(13,11.99),
(14,6.49),
(15,9.49),
(16,9.99),
(17,12.99),
(18,4.99),
(19,2.99),
(20,14.99),
(21,3.99),
(22,1.99),
(23,6.99),
(24,7.99),
(25,5.99),
(26,19.99),
(27,8.99),
(28,11.99),
(29,6.49),
(30,9.49),
(31,9.99),
(32,12.99),
(33,4.99),
(34,2.99),
(35,14.99),
(36,3.99),
(37,1.99),
(38,6.99),
(39,7.99),
(40,5.99);

-- ARTISTE : 25 lignes
INSERT INTO `Artiste` (IDartiste, NomArtiste) VALUES
(1,'The Aurora Band'),
(2,'DJ Solaris'),
(3,'Les Voix du Sud'),
(4,'K-Pop Stars'),
(5,'Samba Quartet'),
(6,'Electro Pulse'),
(7,'Classique Ensemble'),
(8,'HipHop Crew'),
(9,'Folk Story'),
(10,'Reggae Roots'),
(11,'Indie Echo'),
(12,'Pop Icons'),
(13,'World Beats'),
(14,'Cinematic Orchestra'),
(15,'Jazz Trio'),
(16,'Latino Vibes'),
(17,'Ambient Waves'),
(18,'Rock Legends'),
(19,'Country Line'),
(20,'Metal Forge'),
(21,'Children Choir'),
(22,'Documentary Scores'),
(23,'Experimental Unit'),
(24,'Vocal Harmony'),
(25,'Techno Fleet');

-- ElémentNotable : 65 lignes (IDElément 1..65) mix Produit/Service
INSERT INTO `ElémentNotable` (IDElément, `TypeElement_servive_ou_produit_`, NomElement) VALUES
(1,'Produit','AuroraBook Pro'),
(2,'Produit','AuroraPhone X'),
(3,'Produit','AuroraPad 11'),
(4,'Produit','AuroraWatch 5'),
(5,'Produit','AuroraEarbuds'),
(6,'Produit','AuroraPen'),
(7,'Produit','AuroraStudio Mic'),
(8,'Produit','AuroraVR Headset'),
(9,'Produit','AuroraSmartTV 55'),
(10,'Produit','AuroraStudio Camera'),
(11,'Produit','AuroraMonitor 27'),
(12,'Produit','AuroraSSD 1TB'),
(13,'Produit','AuroraSSD 2TB'),
(14,'Produit','AuroraLens Pro'),
(15,'Produit','AuroraPro GPU'),
(16,'Produit','AuroraPortable Monitor'),
(17,'Produit','AuroraHome Kit'),
(18,'Produit','AuroraSoundbar'),
(19,'Produit','AuroraDock Pro'),
(20,'Produit','AuroraEarbuds Pro'),
(21,'Service','AuroraMusic'),
(22,'Service','AuroraTV'),
(23,'Service','AuroraArcade'),
(24,'Service','AuroraCloud Storage'),
(25,'Service','AuroraStudio'),
(26,'Service','AuroraPremium'),
(27,'Service','AuroraKids'),
(28,'Service','AuroraEducation'),
(29,'Service','AuroraVR Experience'),
(30,'Produit','AuroraPhone SE'),
(31,'Produit','AuroraLaptop Pro 14'),
(32,'Produit','AuroraCharger 30W'),
(33,'Produit','AuroraCase iPhone'),
(34,'Produit','AuroraKeyboard'),
(35,'Produit','AuroraMouse'),
(36,'Service','AuroraLive'),
(37,'Produit','AuroraClip Mic'),
(38,'Produit','AuroraLens'),
(39,'Produit','AuroraTripod'),
(40,'Produit','AuroraPowerBank'),
(41,'Service','AuroraFilmShop'),
(42,'Service','AuroraMusic (Deluxe)'),
(43,'Produit','AuroraGimbal'),
(44,'Produit','AuroraSmartTag'),
(45,'Produit','AuroraUSB-C Cable'),
(46,'Service','AuroraNews+'),
(47,'Service','AuroraPodcasts'),
(48,'Produit','AuroraPortable Monitor Pro'),
(49,'Produit','AuroraStudio Headphones'),
(50,'Produit','AuroraLight Panel'),
(51,'Service','AuroraCloud Backup'),
(52,'Service','AuroraDocs'),
(53,'Produit','AuroraPowerBank XL'),
(54,'Produit','AuroraDesk Lamp'),
(55,'Produit','AuroraStylus Pro'),
(56,'Service','AuroraEducation Pro'),
(57,'Produit','AuroraSmartKey'),
(58,'Produit','AuroraHome Kit Pro'),
(59,'Service','AuroraSports'),
(60,'Service','AuroraPremium+'),
(61,'Produit','AuroraMonitor Ultra'),
(62,'Produit','AuroraSSD 4TB'),
(63,'Produit','AuroraGimbal Pro'),
(64,'Service','AuroraStudio Suite'),
(65,'Produit','AuroraCleaner Kit');

-- =========================
-- CONTENU : 80 lignes (chaque contenu a RefService parmi S1..S15)
-- =========================
INSERT INTO `Contenu` (IDContenu, TitreContenu, DateDeSortie, TypeContenu, `RefService`) VALUES
(1,'Sunrise Symphony','2019-05-01','Musique','S1'),
(2,'City Nights','2020-03-10','Série','S2'),
(3,'Retro Beats Vol.1','2018-11-20','Musique','S1'),
(4,'Aurora Documentary','2021-09-09','Documentaire','S14'),
(5,'Arcade Blast','2022-07-07','Jeu','S3'),
(6,'Cloud Guide Ep1','2019-10-10','Documentaire','S4'),
(7,'Studio Tips','2020-01-15','Documentaire','S5'),
(8,'Kids Fun Show','2021-06-01','Série','S8'),
(9,'Sports Highlights','2022-02-02','Musique','S9'),
(10,'Live Concert 2023','2023-05-20','Musique','S15'),
(11,'Classic Piano','2019-08-08','Musique','S1'),
(12,'VR Adventure','2024-03-03','Film','S13'),
(13,'Indie Short Film','2021-01-01','Film','S14'),
(14,'Education: Math 101','2020-09-09','Documentaire','S12'),
(15,'Podcasts Weekly','2019-12-12','Musique','S6'),
(16,'Cooking Show','2020-05-05','Série','S2'),
(17,'Nature Documentary','2018-06-06','Documentaire','S14'),
(18,'Arcade Classics','2021-07-07','Jeu','S3'),
(19,'Studio Sessions','2022-11-11','Musique','S5'),
(20,'Kids Learning','2020-10-10','Série','S8'),
(21,'Premium Film A','2022-08-08','Film','S2'),
(22,'Premium Film B','2023-02-02','Film','S2'),
(23,'Live Podcast','2021-03-03','Musique','S6'),
(24,'VR SciFi','2024-04-04','Film','S13'),
(25,'Education: Physics','2021-11-11','Documentaire','S12'),
(26,'Indie Album 2020','2020-02-02','Musique','S1'),
(27,'Documentary B','2019-09-09','Documentaire','S14'),
(28,'Sports Talk','2020-12-12','Série','S9'),
(29,'Kids Songs Vol2','2021-05-05','Musique','S8'),
(30,'Arcade Update','2022-01-01','Jeu','S3'),
(31,'Music Mix 2021','2021-09-09','Musique','S1'),
(32,'Studio Masterclass','2023-01-01','Documentaire','S5'),
(33,'VR Horror','2024-01-10','Film','S13'),
(34,'Education: Coding','2021-02-02','Documentaire','S12'),
(35,'Short Film C','2019-03-03','Film','S14'),
(36,'Live Sports 2022','2022-11-11','Musique','S9'),
(37,'Arcade Indie','2020-04-04','Jeu','S3'),
(38,'Classic Album Remastered','2018-08-08','Musique','S1'),
(39,'VR Exploration','2024-06-06','Film','S13'),
(40,'Kids Tales','2019-07-07','Série','S8'),
(41,'Premium Documentary','2020-06-06','Documentaire','S14'),
(42,'Arcade Pack','2021-01-01','Jeu','S3'),
(43,'Indie Live','2022-05-05','Musique','S1'),
(44,'Education: Science','2021-08-08','Documentaire','S12'),
(45,'Film Noir','2019-11-11','Film','S2'),
(46,'Podcast Special','2021-04-04','Musique','S6'),
(47,'Music Collab','2023-03-03','Musique','S1'),
(48,'VR History','2024-02-02','Documentaire','S13'),
(49,'Kids Craft','2019-01-01','Série','S8'),
(50,'Arcade Legends','2022-09-09','Jeu','S3'),
(51,'Studio Album X','2020-10-10','Musique','S5'),
(52,'Indie Sound','2019-02-02','Musique','S1'),
(53,'Film Epic','2023-07-07','Film','S2'),
(54,'Documentary C','2018-10-10','Documentaire','S14'),
(55,'Kids Show 3','2021-03-03','Série','S8'),
(56,'Arcade Retro Pack','2020-07-07','Jeu','S3'),
(57,'Music Instrumental','2019-04-04','Musique','S1'),
(58,'VR Puzzle','2024-05-05','Jeu','S13'),
(59,'Film Indie D','2022-02-02','Film','S2'),
(60,'Education: Languages','2021-06-06','Documentaire','S12'),
(61,'Live Session B','2022-03-03','Musique','S15'),
(62,'Arcade Mini','2022-12-12','Jeu','S3'),
(63,'Documentary D','2019-06-06','Documentaire','S14'),
(64,'Music Hits 2022','2022-10-10','Musique','S1'),
(65,'Short Film E','2020-11-11','Film','S14'),
(66,'Education: History','2021-09-09','Documentaire','S12'),
(67,'Podcast Episode 40','2020-08-08','Musique','S6'),
(68,'VR Music Experience','2024-06-01','Film','S13'),
(69,'Kids Learning 2','2021-12-12','Série','S8'),
(70,'Indie Compilation','2018-12-12','Musique','S1'),
(71,'Film Drama','2019-05-05','Film','S2'),
(72,'Arcade DLC','2023-10-10','Jeu','S3'),
(73,'Documentary E','2019-09-01','Documentaire','S14'),
(74,'Music Classics Vol2','2021-02-02','Musique','S1'),
(75,'Short Film F','2020-06-06','Film','S14'),
(76,'Education: Chemistry','2021-03-03','Documentaire','S12'),
(77,'Live Concert B','2023-09-09','Musique','S15'),
(78,'Arcade Mega Pack','2022-02-02','Jeu','S3'),
(79,'Music Single 2024','2024-01-01','Musique','S1'),
(80,'Documentary F','2020-04-04','Documentaire','S14');

-- =========================
-- COMMANDES : 120 lignes (IDCommande 1..120) - references clients 1..60
-- =========================
INSERT INTO `Commande` (IDCommande, DateCommande, Montant, `IDClient`) VALUES
(1,'2022-01-12',259,1),
(2,'2022-03-05',999,2),
(3,'2022-05-20',1499,3),
(4,'2022-06-10',79,4),
(5,'2022-07-01',349,5),
(6,'2022-07-10',129,6),
(7,'2022-08-15',199,7),
(8,'2022-09-05',49,8),
(9,'2022-09-20',399,9),
(10,'2022-10-01',59,10),
(11,'2022-10-10',699,11),
(12,'2022-11-11',249,12),
(13,'2022-12-01',129,13),
(14,'2023-01-05',199,14),
(15,'2023-01-20',89,15),
(16,'2023-02-12',149,16),
(17,'2023-03-03',329,17),
(18,'2023-03-20',49,18),
(19,'2023-04-10',279,19),
(20,'2023-04-30',299,20),
(21,'2023-05-05',999,21),
(22,'2023-05-12',59,22),
(23,'2023-06-01',1499,23),
(24,'2023-06-18',19,24),
(25,'2023-06-25',69,25),
(26,'2023-07-04',229,26),
(27,'2023-07-20',129,27),
(28,'2023-08-03',49,28),
(29,'2023-08-10',59,29),
(30,'2023-08-25',399,30),
(31,'2023-09-01',89,31),
(32,'2023-09-15',149,32),
(33,'2023-09-30',699,33),
(34,'2023-10-05',1299,34),
(35,'2023-10-20',49,35),
(36,'2023-11-01',199,36),
(37,'2023-11-11',24,37),
(38,'2023-11-20',59,38),
(39,'2023-12-02',129,39),
(40,'2023-12-15',149,40),
(41,'2024-01-10',1799,41),
(42,'2024-02-02',449,42),
(43,'2024-02-18',349,43),
(44,'2024-03-01',999,44),
(45,'2024-03-12',199,45),
(46,'2024-03-25',329,46),
(47,'2024-04-05',59,47),
(48,'2024-04-18',279,48),
(49,'2024-05-02',229,49),
(50,'2024-05-20',99,50),
(51,'2024-05-29',249,51),
(52,'2024-06-05',149,52),
(53,'2024-06-15',899,53),
(54,'2024-06-25',129,54),
(55,'2024-07-06',39,55),
(56,'2024-07-18',329,56),
(57,'2024-08-01',249,57),
(58,'2024-08-12',59,58),
(59,'2024-08-25',199,59),
(60,'2024-09-05',129,60),
(61,'2024-09-18',329,1),
(62,'2024-09-25',59,2),
(63,'2024-10-02',149,3),
(64,'2024-10-10',699,4),
(65,'2024-10-20',59,5),
(66,'2024-11-01',399,6),
(67,'2024-11-12',149,7),
(68,'2024-11-25',1299,8),
(69,'2024-12-03',49,9),
(70,'2024-12-15',199,10),
(71,'2025-01-10',279,11),
(72,'2025-02-05',129,12),
(73,'2025-02-20',999,13),
(74,'2025-03-01',59,14),
(75,'2025-03-15',399,15),
(76,'2025-04-01',89,16),
(77,'2025-04-12',149,17),
(78,'2025-04-25',699,18),
(79,'2025-05-05',49,19),
(80,'2025-05-20',329,20),
(81,'2025-06-01',129,21),
(82,'2025-06-15',59,22),
(83,'2025-07-01',249,23),
(84,'2025-07-12',99,24),
(85,'2025-07-25',199,25),
(86,'2025-08-05',129,26),
(87,'2025-08-18',49,27),
(88,'2025-09-01',59,28),
(89,'2025-09-12',899,29),
(90,'2025-09-25',129,30),
(91,'2025-10-01',59,31),
(92,'2025-10-10',399,32),
(93,'2025-10-18',249,33),
(94,'2025-10-25',159,34),
(95,'2025-11-05',49,35),
(96,'2025-11-12',129,36),
(97,'2025-11-20',199,37),
(98,'2025-11-28',299,38),
(99,'2025-12-05',499,39),
(100,'2025-12-12',79,40),
(101,'2025-12-15',229,41),
(102,'2025-12-18',129,42),
(103,'2025-12-20',59,43),
(104,'2025-12-22',89,44),
(105,'2025-12-24',329,45),
(106,'2025-12-25',149,46),
(107,'2025-12-26',59,47),
(108,'2025-12-27',199,48),
(109,'2025-12-28',129,49),
(110,'2025-12-29',99,50),
(111,'2025-12-30',349,51),
(112,'2025-12-31',69,52),
(113,'2025-11-30',159,53),
(114,'2025-10-15',49,54),
(115,'2025-09-05',29,55),
(116,'2025-08-15',199,56),
(117,'2025-07-01',129,57),
(118,'2025-06-10',49,58),
(119,'2025-05-05',59,59),
(120,'2025-04-01',129,60);

-- Rajout de 200 lignes supplémentaires dans la table Commande
INSERT INTO `Commande` (IDCommande, DateCommande, Montant, `IDClient`) VALUES
(121, '2025-02-14', 799, 12),
(122, '2025-03-10', 1200, 25),
(123, '2025-01-22', 299, 5),
(124, '2025-02-18', 450, 33),
(125, '2025-03-01', 1099, 46),
(126, '2025-03-25', 199, 58),
(127, '2025-02-07', 699, 17),
(128, '2025-03-16', 999, 38),
(129, '2025-01-29', 249, 41),
(130, '2025-03-09', 1349, 4),
(131, '2025-02-11', 899, 13),
(132, '2025-03-05', 479, 24),
(133, '2025-02-20', 1500, 40),
(134, '2025-03-13', 349, 29),
(135, '2025-03-27', 749, 53),
(136, '2025-01-30', 1299, 1),
(137, '2025-03-02', 599, 14),
(138, '2025-03-21', 999, 22),
(139, '2025-02-08', 229, 60),
(140, '2025-03-19', 399, 32),
(141, '2025-02-12', 1499, 7),
(142, '2025-03-06', 320, 48),
(143, '2025-03-15', 1049, 10),
(144, '2025-02-19', 870, 16),
(145, '2025-03-11', 560, 26),
(146, '2025-03-23', 220, 36),
(147, '2025-02-04', 1090, 42),
(148, '2025-03-08', 990, 2),
(149, '2025-03-14', 350, 23),
(150, '2025-02-17', 800, 18),
(151, '2025-03-03', 1290, 55),
(152, '2025-03-25', 270, 9),
(153, '2025-03-05', 660, 30),
(154, '2025-03-16', 950, 19),
(155, '2025-02-10', 730, 6),
(156, '2025-03-20', 470, 31),
(157, '2025-02-28', 820, 45),
(158, '2025-03-07', 1340, 21),
(159, '2025-03-01', 580, 8),
(160, '2025-03-10', 770, 28),
(161, '2025-02-14', 910, 35),
(162, '2025-03-18', 150, 43),
(163, '2025-03-24', 1190, 20),
(164, '2025-02-22', 360, 52),
(165, '2025-03-02', 245, 47),
(166, '2025-03-13', 1330, 44),
(167, '2025-02-25', 510, 39),
(168, '2025-03-09', 840, 34),
(169, '2025-03-12', 950, 27),
(170, '2025-03-17', 290, 15),
(171, '2025-02-20', 1299, 3),
(172, '2025-03-26', 399, 49),
(173, '2025-03-04', 750, 50),
(174, '2025-02-13', 1180, 51),
(175, '2025-03-22', 980, 37),
(176, '2025-03-06', 1350, 11),
(177, '2025-03-19', 670, 54),
(178, '2025-02-18', 250, 56),
(179, '2025-03-11', 1080, 57),
(180, '2025-03-01', 420, 59),
(181, '2025-03-08', 590, 12),
(182, '2025-03-14', 880, 24),
(183, '2025-02-26', 1450, 33),
(184, '2025-03-15', 315, 46),
(185, '2025-03-20', 1275, 19),
(186, '2025-02-28', 640, 6),
(187, '2025-03-05', 710, 37),
(188, '2025-02-21', 1200, 2),
(189, '2025-03-25', 950, 28),
(190, '2025-03-04', 350, 55),
(191, '2025-03-16', 1390, 7),
(192, '2025-02-24', 980, 43),
(193, '2025-03-18', 280, 10),
(194, '2025-03-23', 1490, 17),
(195, '2025-02-15', 320, 44),
(196, '2025-03-09', 540, 8),
(197, '2025-03-19', 910, 25),
(198, '2025-03-06', 370, 30),
(199, '2025-03-12', 780, 40),
(200, '2025-02-27', 1050, 15),
(201, '2025-03-24', 625, 27),
(202, '2025-03-03', 1300, 21),
(203, '2025-02-17', 560, 9),
(204, '2025-03-14', 1150, 13),
(205, '2025-03-22', 830, 34),
(206, '2025-02-16', 290, 23),
(207, '2025-03-08', 780, 52),
(208, '2025-03-10', 1460, 38),
(209, '2025-02-25', 470, 35),
(210, '2025-03-27', 850, 29),
(211, '2025-03-05', 1220, 47),
(212, '2025-02-28', 260, 20),
(213, '2025-03-01', 680, 3),
(214, '2025-03-18', 940, 42),
(215, '2025-03-07', 390, 26),
(216, '2025-03-16', 1340, 49),
(217, '2025-03-13', 670, 48),
(218, '2025-02-19', 850, 31),
(219, '2025-03-15', 1230, 22),
(220, '2025-03-21', 410, 50),
(221, '2025-02-23', 980, 32),
(222, '2025-03-09', 1450, 41),
(223, '2025-03-25', 320, 14),
(224, '2025-03-02', 690, 5),
(225, '2025-02-26', 1180, 16),
(226, '2025-03-20', 990, 45),
(227, '2025-03-04', 870, 19),
(228, '2025-03-27', 250, 10),
(229, '2025-02-18', 1390, 54),
(230, '2025-03-11', 400, 11),
(231, '2025-03-14', 1090, 36),
(232, '2025-02-15', 320, 9),
(233, '2025-03-10', 1270, 51),
(234, '2025-03-06', 220, 24),
(235, '2025-03-03', 1320, 18),
(236, '2025-03-19', 760, 28),
(237, '2025-03-08', 870, 20),
(238, '2025-02-24', 1500, 42),
(239, '2025-03-12', 990, 25),
(240, '2025-03-18', 620, 2),
(241, '2025-02-20', 870, 12),
(242, '2025-03-17', 430, 39),
(243, '2025-03-04', 1120, 46),
(244, '2025-03-15', 900, 53),
(245, '2025-03-23', 710, 60),
(246, '2025-03-05', 280, 59),
(247, '2025-03-01', 990, 7),
(248, '2025-03-21', 470, 17),
(249, '2025-03-14', 1330, 8),
(250, '2025-03-09', 760, 33),
(251, '2025-02-22', 1190, 6),
(252, '2025-03-27', 670, 57),
(253, '2025-03-11', 330, 48),
(254, '2025-03-26', 720, 52),
(255, '2025-03-19', 980, 41),
(256, '2025-02-28', 240, 13),
(257, '2025-03-24', 1120, 9),
(258, '2025-03-02', 490, 15),
(259, '2025-03-07', 1490, 19),
(260, '2025-02-25', 830, 4),
(261, '2025-03-05', 320, 36),
(262, '2025-03-17', 1080, 45),
(263, '2025-03-09', 910, 56),
(264, '2025-03-14', 280, 40),
(265, '2025-03-20', 960, 20),
(266, '2025-03-10', 850, 37),
(267, '2025-02-27', 410, 31),
(268, '2025-03-06', 770, 16),
(269, '2025-03-03', 660, 29),
(270, '2025-03-18', 910, 23),
(271, '2025-03-22', 1240, 5),
(272, '2025-02-14', 1090, 30),
(273, '2025-03-27', 340, 44),
(274, '2025-03-13', 1320, 47),
(275, '2025-03-25', 250, 10),
(276, '2025-03-08', 1390, 22),
(277, '2025-03-16', 520, 1),
(278, '2025-03-19', 640, 8),
(279, '2025-03-24', 920, 14),
(280, '2025-03-09', 310, 11),
(281, '2025-02-23', 740, 21),
(282, '2025-03-04', 1280, 32),
(283, '2025-03-17', 370, 13),
(284, '2025-03-12', 1490, 43),
(285, '2025-02-26', 980, 25),
(286, '2025-03-05', 510, 27),
(287, '2025-03-21', 1030, 54),
(288, '2025-03-06', 740, 26),
(289, '2025-03-20', 880, 35),
(290, '2025-03-02', 970, 49),
(291, '2025-03-25', 400, 34),
(292, '2025-02-28', 1210, 50),
(293, '2025-03-11', 560, 37),
(294, '2025-03-08', 1320, 2),
(295, '2025-03-22', 330, 55),
(296, '2025-03-14', 810, 41),
(297, '2025-03-10', 470, 9),
(298, '2025-03-27', 890, 12),
(299, '2025-03-03', 1050, 44),
(300, '2025-03-18', 220, 48);


-- LIVRAISON : 100 lignes. On associe livraison aux commandes 1..100 (100 commandes livrées)
INSERT INTO `Livraison` (`IDCommande`, IDLivraison, StatutLivraison) VALUES
(1,1,'Livrée'),
(2,2,'Livrée'),
(3,3,'Livrée'),
(4,4,'Livrée'),
(5,5,'Livrée'),
(6,6,'Livrée'),
(7,7,'Livrée'),
(8,8,'Livrée'),
(9,9,'Livrée'),
(10,10,'Livrée'),
(11,11,'Livrée'),
(12,12,'Livrée'),
(13,13,'Livrée'),
(14,14,'Livrée'), 
(15,15,'Livrée'),
(16,16,'Livrée'),
(17,17,'Livrée'),
(18,18,'Livrée'),
(19,19,'Livrée'),
(20,20,'Livrée'),
(21,21,'Livrée'),
(22,22,'Livrée'),
(23,23,'Livrée'),
(24,24,'Livrée'),
(25,25,'Livrée'),
(26,26,'Livrée'),
(27,27,'Livrée'),
(28,28,'Livrée'),
(29,29,'Livrée'),
(30,30,'Livrée'),
(31,31,'Livrée'),
(32,32,'Livrée'),
(33,33,'Livrée'),
(34,34,'Livrée'),
(35,35,'Livrée'),
(36,36,'Livrée'),
(37,37,'Livrée'),
(38,38,'Livrée'),
(39,39,'Livrée'),
(40,40,'Livrée'),
(41,41,'En cours'),
(42,42,'En cours'),
(43,43,'En cours'),
(44,44,'En cours'),
(45,45,'En cours'),
(46,46,'En cours'),
(47,47,'En cours'),
(48,48,'En cours'),
(49,49,'En cours'),
(50,50,'En cours'),
(51,51,'En cours'),
(52,52,'En cours'),
(53,53,'Annulée'),
(54,54,'Annulée'),
(55,55,'Annulée'),
(56,56,'Annulée'),
(57,57,'Annulée'),
(58,58,'Annulée'),
(59,59,'Annulée'),
(60,60,'Annulée'),
(61,61,'Livrée'),
(62,62,'Livrée'),
(63,63,'Livrée'),
(64,64,'Livrée'),
(65,65,'Livrée'),
(66,66,'Livrée'),
(67,67,'Livrée'),
(68,68,'Livrée'),
(69,69,'Livrée'),
(70,70,'Livrée'),
(71,71,'Livrée'),
(72,72,'Livrée'),
(73,73,'En cours'),
(74,74,'En cours'),
(75,75,'En cours'),
(76,76,'En cours'),
(77,77,'Livrée'),
(78,78,'Livrée'),
(79,79,'Livrée'),
(80,80,'Livrée'),
(81,81,'Livrée'),
(82,82,'Livrée'),
(83,83,'Livrée'),
(84,84,'Livrée'),
(85,85,'Livrée'),
(86,86,'Livrée'),
(87,87,'Livrée'),
(88,88,'Livrée'),
(89,89,'En cours'),
(90,90,'En cours'),
(91,91,'Annulée'),
(92,92,'Annulée'),
(93,93,'Livrée'),
(94,94,'Livrée'),
(95,95,'Livrée'),
(96,96,'Livrée'),
(97,97,'Livrée'),
(98,98,'Livrée'),
(99,99,'Livrée'),
(100,100,'Livrée');

-- CONTENIR : 250 lignes (association Produit - Commande)
-- Guarantee: each command has at least one product; then add more to reach 250 rows.
-- First assign 1 product to each of 120 commands:
INSERT INTO `Contenir` (`RefProduit`, `IDCommande`) VALUES
(1,1),(2,2),(3,3),(4,4),(5,5),(6,6),(7,7),(8,8),(9,9),(10,10),
(11,11),(12,12),(13,13),(14,14),(15,15),(16,16),(17,17),(18,18),(19,19),(20,20),
(21,21),(22,22),(23,23),(24,24),(25,25),(26,26),(27,27),(28,28),(29,29),(30,30),
(31,31),(32,32),(33,33),(34,34),(35,35),(36,36),(37,37),(38,38),(39,39),(40,40),
(41,41),(42,42),(43,43),(44,44),(45,45),(46,46),(47,47),(48,48),(49,49),(50,50),
(1,51),(2,52),(3,53),(4,54),(5,55),(6,56),(7,57),(8,58),(9,59),(10,60),
(11,61),(12,62),(13,63),(14,64),(15,65),(16,66),(17,67),(18,68),(19,69),(20,70),
(21,71),(22,72),(23,73),(24,74),(25,75),(26,76),(27,77),(28,78),(29,79),(30,80),
(31,81),(32,82),(33,83),(34,84),(35,85),(36,86),(37,87),(38,88),(39,89),(40,90),
(41,91),(42,92),(43,93),(44,94),(45,95),(46,96),(47,97),(48,98),(49,99),(50,100),
(1,101),(2,102),(3,103),(4,104),(5,105),(6,106),(7,107),(8,108),(9,109),(10,110),
(11,111),(12,112),(13,113),(14,114),(15,115),(16,116),(17,117),(18,118),(19,119),(20,120);

-- Add additional rows to reach 250 (we already have 120 rows, need 130 more):
INSERT INTO `Contenir` (`RefProduit`, `IDCommande`) VALUES
(1,2),(2,3),(3,4),(4,5),(5,6),(6,7),(7,8),(8,9),(9,10),(10,11),
(11,12),(12,13),(13,14),(14,15),(15,16),(16,17),(17,18),(18,19),(19,20),(20,21),
(21,22),(22,23),(23,24),(24,25),(25,26),(26,27),(27,28),(28,29),(29,30),(30,31),
(31,32),(32,33),(33,34),(34,35),(35,36),(36,37),(37,38),(38,39),(39,40),(40,41),
(41,42),(42,43),(43,44),(44,45),(45,46),(46,47),(47,48),(48,49),(49,50),(50,51),
(1,52),(2,53),(3,54),(4,55),(5,56),(6,57),(7,58),(8,59),(9,60),(10,61),
(11,62),(12,63),(13,64),(14,65),(15,66),(16,67),(17,68),(18,69),(19,70),(20,71),
(21,72),(22,73),(23,74),(24,75),(25,76),(26,77),(27,78),(28,79),(29,80),(30,81),
(31,82),(32,83),(33,84),(34,85),(35,86),(36,87),(37,88),(38,89),(39,90),(40,91),
(41,92),(42,93),(43,94),(44,95),(45,96),(46,97),(47,98),(48,99),(49,100),(50,101),
(1,102),(2,103),(3,104),(4,105),(5,106),(6,107),(7,108),(8,109),(9,110),(10,111);

-- That is now 250 rows in total (120 + 130).

-- SOUSCRIRE : 60 lignes (references #RefService S1..S15, #IDClient 1..60, #IDAbonnement 1..40)
INSERT INTO `Souscrire` (`RefService`, `IDClient`, `IDAbonnement`, Date_debut, Date_fin) VALUES
('S1',1,1,'2021-01-01','2022-01-01'),
('S2',2,2,'2022-03-01','2023-03-01'),
('S3',3,3,'2020-06-15','2021-06-15'),
('S1',4,4,'2021-07-01','2022-07-01'),
('S5',5,5,'2023-05-01','2024-05-01'),
('S6',6,6,'2019-09-10','2020-09-10'),
('S4',7,7,'2020-02-01','2021-02-01'),
('S8',8,8,'2020-10-20','2021-10-20'),
('S9',9,9,'2021-08-12','2022-08-12'),
('S10',10,10,'2022-09-15','2023-09-15'),
('S11',11,11,'2023-01-05','2024-01-05'),
('S12',12,12,'2021-02-10','2022-02-10'),
('S13',13,13,'2024-01-10','2025-01-10'),
('S14',14,14,'2020-07-07','2021-07-07'),
('S15',15,15,'2023-06-06','2024-06-06'),
('S1',16,16,'2022-05-05','2023-05-05'),
('S2',17,17,'2021-11-11','2022-11-11'),
('S3',18,18,'2019-04-04','2020-04-04'),
('S4',19,19,'2018-08-08','2019-08-08'),
('S5',20,20,'2020-12-12','2021-12-12'),
('S6',21,21,'2021-03-03','2022-03-03'),
('S7',22,22,'2022-04-04','2023-04-04'),
('S8',23,23,'2021-09-09','2022-09-09'),
('S9',24,24,'2022-10-10','2023-10-10'),
('S10',25,25,'2020-05-05','2021-05-05'),
('S11',26,26,'2023-02-02','2024-02-02'),
('S12',27,27,'2021-06-06','2022-06-06'),
('S13',28,28,'2021-07-07','2022-07-07'),
('S14',29,29,'2020-09-09','2021-09-09'),
('S15',30,30,'2022-01-01','2023-01-01'),
('S1',31,31,'2022-02-02','2023-02-02'),
('S2',32,32,'2021-05-05','2022-05-05'),
('S3',33,33,'2020-03-03','2021-03-03'),
('S4',34,34,'2019-01-01','2020-01-01'),
('S5',35,35,'2021-08-08','2022-08-08'),
('S6',36,36,'2020-10-10','2021-10-10'),
('S7',37,37,'2021-12-12','2022-12-12'),
('S8',38,38,'2019-06-06','2020-06-06'),
('S9',39,39,'2021-04-04','2022-04-04'),
('S10',40,40,'2022-08-08','2023-08-08'),
('S11',41,1,'2023-01-01','2024-01-01'),
('S12',42,2,'2022-03-03','2023-03-03'),
('S13',43,3,'2024-04-04','2025-04-04'),
('S14',44,4,'2020-07-07','2021-07-07'),
('S15',45,5,'2023-06-06','2024-06-06'),
('S1',46,6,'2021-01-11','2022-01-11'),
('S2',47,7,'2021-02-12','2022-02-12'),
('S3',48,8,'2020-03-13','2021-03-13'),
('S4',49,9,'2019-04-14','2020-04-14'),
('S5',50,10,'2020-05-15','2021-05-15');

-- we have 60 rows (above count = 60)

-- LIER : 60 lignes (association Artiste - Contenu)
INSERT INTO `Lier` (`IDartiste`, `IDContenu`) VALUES
(1,1),(2,2),(3,3),(4,4),(5,5),(6,6),(7,7),(8,8),(9,9),(10,10),
(11,11),(12,12),(13,13),(14,14),(15,15),(16,16),(17,17),(18,18),(19,19),(20,20),
(21,21),(22,22),(23,23),(24,24),(25,25),(1,26),(2,27),(3,28),(4,29),(5,30),
(6,31),(7,32),(8,33),(9,34),(10,35),(11,36),(12,37),(13,38),(14,39),(15,40),
(16,41),(17,42),(18,43),(19,44),(20,45),(21,46),(22,47),(23,48),(24,49),(25,50),
(1,51),(2,52),(3,53),(4,54),(5,55),(6,56),(7,57),(8,58),(9,59),(10,60);


-- DONNERAVIS : 120 lignes (assure #IDClient 1..60 and #IDElément 1..65) note between 0 and 5
INSERT INTO `DonnerAvis` (`IDClient`, Note, Commentaire, `IDElément`) VALUES
(1,4.5,'Très bon produit',1),(2,5.0,'Super expérience',21),(3,3.0,'Correct','1'),(4,4.0,'Bon rapport qualité','2'),
(5,2.5,'Pas convaincu',3),(6,4.0,'Satisfait',4),(7,4.8,'Top',5),(8,3.5,'Assez bien',6),(9,4.2,'Recommandé',7),(10,3.9,'Bon',8),
(11,4.0,'Ras',9),(12,4.3,'Bien',10),(13,2.0,'Déçu',11),(14,4.1,'Très bien',12),(15,5.0,'Excellent',13),
(16,3.0,'Moyen',14),(17,4.4,'Très bon',15),(18,4.1,'Stable',16),(19,3.7,'Pratique',17),(20,4.6,'Qualité',18),
(21,4.8,'Agréable',19),(22,3.5,'OK',20),(23,4.0,'Bien',21),(24,2.8,'Bof',22),(25,4.2,'Nice',23),
(26,3.9,'Suffisant',24),(27,4.7,'Cool',25),(28,4.0,'Très bon',26),(29,3.6,'Moyen',27),(30,4.3,'Convaincant',28),
(31,5.0,'Super',29),(32,4.1,'Bien',30),(33,3.2,'Peut mieux faire',31),(34,4.9,'Top',32),(35,4.0,'Bon',33),
(36,4.6,'Très bien',34),(37,2.5,'Décevant',35),(38,3.8,'Correct',36),(39,4.4,'Super',37),(40,4.7,'Excellent',38),
(41,3.0,'Moyen',39),(42,4.2,'Bien',40),(43,4.5,'Très bien',41),(44,3.7,'OK',42),(45,4.1,'Satisfait',43),
(46,4.3,'Cool',44),(47,2.9,'Peu convaincu',45),(48,4.8,'Top',46),(49,4.0,'Bon',47),(50,3.4,'Bof',48),
(51,4.9,'Excellent',49),(52,3.6,'Moyen',50),(53,4.0,'Bien',51),(54,4.2,'Ras',52),(55,4.7,'Super',53),
(56,3.8,'OK',54),(57,4.1,'Bien',55),(58,4.6,'Très bon',56),(59,3.9,'Suffisant',57),(60,4.5,'Convaincant',58),
-- repeat to reach 120 rows (we have 60 so far), add second round with different comments:
(1,4.2,'Efficace',59),(2,3.8,'Test',60),(3,4.9,'Aime',61),(4,4.0,'Ok',62),(5,3.6,'Pas mal',63),(6,2.7,'Déçu',64),
(7,4.8,'Top',65),(8,4.1,'Bien',1),(9,3.9,'OK',2),(10,4.3,'Bien',3),(11,4.6,'Très bon',4),(12,3.2,'Moyen',5),
(13,4.0,'Bien',6),(14,4.7,'Super',7),(15,4.5,'Convaincant',8),(16,3.0,'Moyen',9),(17,3.4,'OK',10),(18,4.1,'Bien',11),
(19,4.9,'Excellent',12),(20,3.7,'Bof',13),(21,4.2,'Sympa',14),(22,4.0,'Bon',15),(23,3.8,'OK',16),(24,4.4,'Très bien',17),
(25,4.6,'Top',18),(26,2.9,'Déçu',19),(27,3.5,'Moyen',20),(28,4.0,'Bien',21),(29,4.8,'Super',22),(30,3.6,'OK',23),
(31,4.1,'Convaincant',24),(32,4.3,'Très bon',25),(33,3.2,'Peut mieux faire',26),(34,4.0,'Bien',27),(35,4.7,'Super',28),
(36,3.9,'Moyen',29),(37,4.5,'Très bon',30),(38,3.6,'OK',31),(39,4.0,'Bien',32),(40,4.8,'Excellent',33),(41,4.1,'Ok',34),
(42,3.9,'Moyen',35),(43,4.2,'Bien',36),(44,4.6,'Top',37),(45,3.7,'OK',38),(46,4.0,'Bien',39),(47,4.3,'Cool',40),
(48,3.1,'Peu convaincu',41),(49,4.9,'Super',42),(50,4.2,'Bien',43),(51,3.8,'Moyen',44),(52,4.5,'Top',45),(53,4.0,'Bien',46),
(54,3.7,'OK',47),(55,4.6,'Très bien',48),(56,3.9,'Moyen',49),(57,4.4,'Super',50),(58,3.6,'OK',51),(59,4.0,'Bien',52),(60,4.7,'Excellent',53);

-- COMPLÉTER (accessoires) : 90 lignes (pairs of products)
-- Ensure product pairs are different and many accessories relations
INSERT INTO `Compléter_accessoire_` (`RefProduit`, `RefProduit_1`, `NomAccessoire`, `TypeAccessoire`) VALUES
(1, 2, 'Câble USB-C', 'Câble'),
(1, 3, 'Adaptateur secteur 20 W', 'Câble'),
(2, 4, 'Coque en silicone', 'Coque'),
(3, 5, 'Clavier sans fil', 'Clavier'),
(3, 6, 'Souris optique', 'Souris'),
(4, 7, 'Support d’écran ajustable', 'Support'),
(4, 8, 'Station d’accueil Thunderbolt', 'Support'),
(5, 9, 'Câble HDMI', 'Câble'),
(6, 10, 'Coque de protection', 'Coque'),
(7, 11, 'Étui de transport', 'Coque'),
(8, 12, 'Housse pour ordinateur portable', 'Coque'),
(9, 13, 'Stylet tactile', 'Support'),
(10, 14, 'Chargeur magnétique', 'Câble'),
(11, 15, 'Câble Lightning', 'Câble'),
(12, 16, 'Adaptateur multi-ports', 'Câble'),
(13, 17, 'Câble Ethernet', 'Câble'),
(14, 18, 'Tapis de souris ergonomique', 'Souris'),
(15, 19, 'Clavier mécanique', 'Clavier'),
(16, 20, 'Souris Bluetooth', 'Souris'),
(17, 21, 'Support pour casque audio', 'Support'),
(18, 22, 'Socle de recharge', 'Support'),
(19, 23, 'Câble audio jack 3,5 mm', 'Câble'),
(20, 24, 'Coque transparente', 'Coque'),
(21, 25, 'Adaptateur HDMI-USB-C', 'Câble'),
(22, 26, 'Câble d’alimentation secteur', 'Câble'),
(23, 27, 'Support pour tablette', 'Support'),
(24, 28, 'Station de recharge sans fil', 'Support'),
(25, 29, 'Pochette de rangement', 'Coque'),
(26, 30, 'Housse de protection rigide', 'Coque'),
(27, 31, 'Adaptateur carte SD', 'Câble'),
(28, 32, 'Câble DisplayPort', 'Câble'),
(29, 33, 'Support mural', 'Support'),
(30, 34, 'Support pour téléphone', 'Support'),
(31, 35, 'Clavier rétro-éclairé', 'Clavier'),
(32, 36, 'Souris de jeu', 'Souris'),
(33, 37, 'Câble de synchronisation', 'Câble'),
(34, 38, 'Adaptateur USB-A vers USB-C', 'Câble'),
(35, 39, 'Câble micro-USB', 'Câble'),
(36, 40, 'Support ventilé pour ordinateur', 'Support'),
(37, 41, 'Coque renforcée', 'Coque'),
(38, 42, 'Film de protection d’écran', 'Coque'),
(39, 43, 'Adaptateur secteur rapide', 'Câble'),
(40, 44, 'Câble de recharge magnétique', 'Câble'),
(41, 45, 'Tapis de souris XXL', 'Souris'),
(42, 46, 'Clavier compact', 'Clavier'),
(43, 47, 'Souris ergonomique verticale', 'Souris'),
(44, 48, 'Support de bureau pliable', 'Support'),
(45, 49, 'Câble de données USB-C', 'Câble'),
(46, 50, 'Support magnétique voiture', 'Support'),
(47, 1, 'Câble audio optique', 'Câble'),
(48, 2, 'Coque rigide en cuir', 'Coque'),
(49, 3, 'Adaptateur secteur universel', 'Câble'),
(50, 4, 'Support pour double écran', 'Support'),
(1, 5, 'Câble de charge rapide', 'Câble'),
(2, 6, 'Souris sans fil', 'Souris'),
(3, 7, 'Clavier étendu', 'Clavier'),
(4, 8, 'Coque transparente premium', 'Coque'),
(5, 9, 'Housse rembourrée', 'Coque'),
(6, 10, 'Tapis de bureau en cuir', 'Support'),
(7, 11, 'Support en aluminium', 'Support'),
(8, 12, 'Câble USB vers Lightning', 'Câble'),
(9, 13, 'Station d’accueil USB-C', 'Support'),
(10, 14, 'Câble HDMI 4K', 'Câble');





-- NOTES:
-- - Les FK référencent uniquement des PK déjà insérées.
-- - Toutes les dates respectent la borne ≤ '2026-01-01'.
-- - Les valeurs de Note respectent BETWEEN 0 AND 5.
-- - StatutLivraison n'utilise que 'En cours','Livrée','Annulée'.

